name,free_returns,items_sold,status=,shipping,price_sold
,False,,,0,
2020-21 Bayern Munich SoccerStarz 15 Player Mini Figures Team Set Limited #500,False,,Brand New,995,9995
Tottenham Hotspur Jersey 2021/22,False,,Brand New,0,4499
New ListingTottenham Hotspur Nike Blue Youth size Large Soccer Jersey,False,,Pre-Owned,488,2899
Tottenham Hotspur Nike 2018 2019 Spurs Home Soccer Jersey Men‚Äôs Size L Large NWT,False,,Brand New,0,7490
Tottenham Hotspur 2013-2014 away soccer jersey size mens L Under Armour,False,,Pre-Owned,550,999
Men's Tottenham Hotspur Football Club 2019 White Soccer Jersey,False,,Brand New,350,4200
TOTTENHAM HOTSPUR FC Football Men's Full Zip Sweatshirt Hoodie Blue Large,False,,Pre-Owned,849,3450
Nike Vaporknit Tottenham Hotspur 20/21 3rd Match Jersey Yellow Blue Mens Sz XL,True,,Brand New,0,5999
"Nike Tottenham Hotspurs Soccer Jersey 2018 Blue, White - Kids, Boys, Youth  Sz M",False,,Pre-Owned,0,1495
Nike Tottenham Hotspur Full Zip Windbreaker Jacket Green CI9203-451 Men‚Äôs LARGE,False,,Brand New,0,9497
New ListingHM SON 7 Player Issue Tottenham Hotspur DRI-FIT Training Top 2021-22 Medium,False,,Pre-Owned,0,9907
Tottenham Hotspur Large Navy Backpack,False,,Brand New,0,2999
Nike Men's 2XL Vaporknit Tottenham Hotspur 20/21 3rd Match Jersey CK7660-720,False,,Brand New,0,6999
Tottenham Hotspur 2 Piece Home & Away 2021-22 Body Suit Officially Licensed Set,True,,,395,3695
"Tottenham Hotspur Spurs Puma Training Jacket Blue, XL Excellent Condition!",False,,Pre-Owned,999,2900
19/20 Dele Alli Tottenham Hotspur Jersey,False,,Pre-Owned,625,5000
Vaporknit 20/21 Tottenham hotspur jersey,False,,Brand New,525,4000
Nike Tottenham Hotspur FC Football Anthem Track Jacket Soccer 2018/2019 Men‚Äôs S,False,,Pre-Owned,845,4599
TOTTENHAM HOTSPUR 2014 2015 UNDER ARMOR HOME FOOTBALL SOCCER SHIRT JERSEY sz S  ,True,,Pre-Owned,530,2000
Nike Tottenham HotSpur Jersey Warm Up Pink/Blue Men‚Äôs Large New,False,,Brand New,615,4500
Nike Vaporknit Tottenham Hotspur 2020-2021 Home Soccer Jersey CD41960-101 Size L,False,,Brand New,0,9999
Tottenham Hotspurs Soccer Scarf  FC Football Scarf,False,,Brand New,499,1199
Tottenham Hotspur FC Retro Metal Sign,True,,Brand New,0,1588
2011/2012 Tottenham Hotspur Spurs Puma Soccer Jersey Kit Football Futbol  XL,False,,Pre-Owned,550,2999
Harry Kane 10 Player Issue Tottenham Hotspur DRI-FIT Training Top 2021-22 Large,False,,Brand New,0,9910
Tottenham Hotspur Under Armor 2016 2017 FC Jersey Polo Top Mens size medium,False,,Pre-Owned,850,4100
2021-2022 Nike Tottenham Hotspur Son Heung Min Away Jersey Shirt Kit Spurs,False,,Pre-Owned,530,8000
2018-19 Nike Breathe Mens Tottenham Hotspur Home Soccer Jersey 3XL Inaugural,False,,Brand New,400,5500
Nike Tottenham Hotspur 2019 Soccer Stadium Third Jersey AT0036-487 Men Size S,False,,Brand New,0,9000
Tottenham Hotspur Harry Kane Jersey,False,,Pre-Owned,500,6500
Nike Vaporknit Tottenham Hotspur 2020 2021 Home Football Soccer Jersey Men‚Äôs XL,False,,Brand New,0,9000
Tottenham Hotspur Third Jersey 21/22 Adult XL,True,,Brand New,625,6999
Tottenham Hotspur Spurs FC AIA Under Armour HeatGear Soccer Jersey XXL Fitted,False,,Pre-Owned,870,4999
NIKE SOUTH KOREA Nat'l Team Heung Min SON Red JERSEY MEN'S Sz MEDIUM  Tottenham,False,,Brand New,699,1100
Tottenham Hotspur FC Official Soccer Boys Retro Track Jacket - Navy 8/9 yrs,False,,Brand New,0,3499
Under Armour Tottenham Hotspur Home Soccer Jersey Shorts XL Spurs,False,,Pre-Owned,525,2000
Nike Tottenham Hotspurs 2020-2021 Logo T-Shirt Black Size L,False,,Brand New,580,3500
Tottenham Hotspur FC Cute 2 Pack Baby Body Suits - Authentic EPL,True,,Brand New,0,3488
Tottenham Hotspur FC Football Soccer Training Pants Sweatpants Nike Mens size L,False,,Pre-Owned,1497,3999
TOTTENHAM HOTSPUR FC Coffeemug Mug Taza Jarro Cup Souvenir Soccer Futbol 11oz,False,,Brand New,0,1699
Nike 20/21 Tottenham Hotspur Stadium Air Max Soccer Jersey Medium M CW1308-090,True,,Brand New,0,7900
Tottenham Hotspur Football Club Foam Finger Soccer Fan Memorabilia,False,,Brand New,0,1888
New ListingSoccer Jersey,False,,Pre-Owned,530,2020
Tottenham Hotspur FC Official Soccer Kids Graphic Fleece Hoody - 12/13yrs,True,,Brand New,0,3499
NIKE 2017 Tottenham HotSpur Jersey #20 Dele Alli - Premier League - Youth Size L,False,,Pre-Owned,799,2499
NIKE SOUTH KOREA Nat'l Team Heung Min SON Red JERSEY MEN'S Sz LARGE  Tottenham,False,,Brand New,699,1150
Tottenham Hotspur Training Match Blouse longsleeve Top Nike M Medium,False,,Pre-Owned,500,3450
Tottenham Hotspur New Era International Club 9FORTY Adjustable Hat - Navy,False,,Brand New,499,2799
Tottenham Hotspur F.C. Mens size Medium Under Armour Full Zip Jacket White Blue,False,,Pre-Owned,0,4477
Tottenham Hotspur Pierre Emile Hojbjerg Europa League M,False,,Brand New,700,7000
Tottenham Hotspur FC Spurs Football Soccer Longsleeve Jacket Nike Womens size L,False,,Pre-Owned,1497,3599
Tottenham Hotspurs Soccer Scarf  FC Football Blue/White with Mascot,False,,Brand New,400,1498
Nike Tottenham,False,,Brand New,475,9000
Tottenham Hotspur Hat New Era 9Fifty Adjustable,False,,Pre-Owned,500,2000
2013/14 Michael Dawson #20 Tottenham Hotspur HP Under Armour Jersey SZ L - Cool,False,,Pre-Owned,625,4499
Tottenham Hotspur Under Armour 14/15 goalkeeper kit sz M fitted,False,,Pre-Owned,625,2999
Nike 2018-19 Tottenham Hotspur Eriksen #23 Men's XL Away Dri-Fit Soccer Jersey,False,,Pre-Owned,600,6999
TOTTENHAM HOTSPUR 2018/2019 AWAY FOOTBALL SOCCER SHIRT JERSEY CAMISETA NIKE L,False,,Pre-Owned,999,4999
2012-13 Tottenham Hotspur LS Home Jersey Maglia Camiseta #11 BALE M EXC RARE,False,,Pre-Owned,0,17800
Puma Tottenham Hotspur men away shirt jersey size M medium,False,,Pre-Owned,750,2100
Nike Tottenham Hotspur 2018/19 Home Soccer Jersey Mens Sz S *919005-101,False,,Brand New,0,5495
Nike Tottenham Hotspur 2020-2021 Home Vaporknit Jersey CD4196 101 Size Large,True,,Brand New,0,9997
tottenham hotspur Shirt 2XL XXL,False,,Pre-Owned,793,1200
Nike Tottenham Hotspur Women‚Äôs Football/ Soccer medium,False,,Brand New,0,2699
MEN'S FC TOTTENHAM HOTSPUR SPURS 2010/2011 RAIN JACKET SOCCER FOOTBALL SIZE L,False,,Pre-Owned,1500,5039
,False,,,0,
NWT$75 Nike breath Tottenham Hotspur 20/21 Away Youth Jersey Green Size M cd4520,False,,Brand New,0,3899
Nike 2021-2022 Tottenham Jersey Kane #10 Size Large,False,,Brand New,0,7999
Tottenham Hotspur FC Official Soccer Boys Retro Track Jacket - Navy 12/13,True,,Brand New,0,3999
"Tottenham Hotspur 2015/2016 Blue Youth XL, Under Armour",False,,Pre-Owned,550,1900
Tottenham Hotspur Rope Hat,False,,Brand New,0,1999
TOTTENHAM HOTSPUR FC Nike Men Medium Football Anthem Jacket Training 2018/2019,True,,Pre-Owned,999,3999
Authentic 2014-15 Tottenham Hotspur Jersey - Under Armour - XL,False,,Pre-Owned,0,4500
Nike Vaporknit Tottenham Hotspur 2020-2021 Home Soccer Jersey 2XL CD4196-101,False,,Brand New,0,7999
TOTTENHAM HOTSPUR X Realmadrid X FC BARCELONA Desk CALENDAR 2021 Best Eleven,False,,Brand New,0,2999
OFFICIALLY LICENSED HARRY KANE #10 TOTTENHAM HOTSPUR ADULT T-SHIRT SM-XXL,True,,Brand New,295,3495
Tottenham Hotspur Nike Standard Fit Youth Kids Yellow/Navy Blue Jersey,False,,Brand New,0,3999
Nike Vaporknit Tottenham Hotspur 20/21 3rd Match Jersey CK7660 720 Mens size XL,True,,Brand New,0,7998
$80 Mens Nike Tottenham Hotspur Drill Training 1/4 Zip Pullover 2017/18 Medium M,False,,Brand New,625,6000
FC TOTTENHAM HOTSPUR 20142015 AWAY FOOTBALL JERSEY CAMISETA SOCCER SHIRT #30,False,,Pre-Owned,0,4900
FC TOTTENHAM HOTSPUR 2019 2020 HOME JERSEY SHIRT SOCCER FOOTBALL ,False,,Brand New,0,9000
FC TOTTENHAM HOTSPUR 2019 2020 HOME JERSEY SHIRT SOCCER FOOTBALL ,False,,Pre-Owned,0,4500
NIKE TOTTENHAM HOTSPUR 2018/19 TRAINING SHIRT KIDS NWT SIZE XS,False,,Brand New,550,5999
Under Armour  Men‚Äôs Medium Black Tottenham Hotspur YEDLIN Football Soccer Jersey,False,,Pre-Owned,0,4999
Nike Tottenham Hotspur Spurs Morgan White Player Tee T-Shirt Men's Size XL NEW !,False,,Brand New,0,2900
Nike 20/21 Tottenham Hotspur Stadium Air Max Soccer Jersey Medium M CW1308-090,False,,Brand New,510,8000
Tottenham Hotspur yellow Youth size XL soccer pullover top,False,,Pre-Owned,498,3500
Nike Tottenham Hotspur AIA Blue Stadium Third Jersey 19/20 Men‚Äôs Small,False,,Pre-Owned,0,4999
üî•$90 NIKE WOMENS TOTTENHAM HOTSPURS 2020/21 STADIUM SOCCER JERSEY SZ M CD4415,False,,Brand New,0,4995
Nike Tottenham Hotspur 20/21 Stadium Home Soccer Jersey CD4416-101 Women‚Äôs M NWT,False,,Brand New,699,5499
Nike Tottenham Hotspur 2020/21 Stadium Soccer Jersey CD4416-101 Womens Sz XL New,False,,Brand New,0,4995
Tottenham Hotspur FC Crest Socks 8-11,True,,Brand New,0,1188
Nike Vaporknit Tottenham Hotspur 2020-2021 Home Soccer Jersey Sz XXL CD4196-101,False,,Brand New,600,9399
Tottenham Hotspur Official Merch Dark Blue Vented Adjustable Hat,False,,Pre-Owned,0,2475
FC TOTTENHAM HOTSPUR 201415 HOME FOOTBALL JERSEY CAMISETA SOCCER MAGLIA SHIRT ,False,,Pre-Owned,0,4300
Tottenham Hotspur New Era Embroidered 9Forty Navy Baseball Hat Official Licensed,True,,Brand New,395,3195
NIKE TOTTENHAM HOTSPUR SOCCER TRACK JACKET BLUE CK8487-429 MENS SIZE L,False,,Brand New,0,5999
Men‚Äôs Nike Soccer Jersey Size Medium Tottenham Hotspur Match Stadium Away 20/21,False,,Brand New,1155,9000
Nike Tottenham Hotspur Stadium Third Jersey 19/20 AT0036-487 SZ SM,False,,Brand New,499,5999
Tottenham Hotspur Under Armour White Youth size XS,False,,Pre-Owned,460,2000
Nike Tottenham Hotspur 19/2020 Pre Match Training Men Jersey Soccer AO7536 ,False,,Brand New,500,4410
Tottenham Hotspur FC Official Soccer Kids Navy Graphic Hoodie - 6/7,False,,Brand New,0,3499
Tottenham 2015/16 Kit Christian Eriksen Under Armour Soccer #23 Jersey - Size M,False,,Pre-Owned,550,4499
Tottenham Hotspur Football Soccer Scarf Navy and White,True,,Pre-Owned,675,1799
Under Armour Mens AIA Soccer Jersey Size XL Fitted Tottenham Hotspur FC HeatGear,True,,Pre-Owned,599,3199
TOTTENHAM HOTSPUR 2006 2007 HOME FOOTBALL SHIRT SOCCER JERSEY LENNON,False,,Pre-Owned,1999,11999
NEW Nike Tottenham Hotspur 2020/21 Stadium Soccer Jersey WOMEN‚ÄôS size Large L,False,,Brand New,0,3999
Nike Vaporknit Tottenham Hotspur 2020-2021 Home Soccer Jersey XL CD4196-101,False,,Brand New,0,9998
TOTTENHAM HOTSPUR  Pennant LOGO,False,,Brand New,0,2500
TOTTENHAM HOTSPUR FOOTBALL JERSEY SOCCER SHIRT UNDER A,False,,Pre-Owned,1505,3000
Tottenham Hotspur FC Official Soccer Boys Retro Track Jacket - Navy 6/7,True,,Brand New,0,3999
NWT NIKE  Tottenham Hotspur 2019 THIRD  Jersey Men's XL,False,,Brand New,1065,8999
Tottenham Hotspur New Era Blue Stripe Pom Beanie Officially Licensed,True,,Brand New,495,3795
RARE!!! Tottenham Hotspur Soccer Nike Crest T-Shirt - White AQ7471 100 Size XXL,False,,Brand New,499,2499
Nike Tottenham Hotspur 2020 - 2021 Away Soccer Jersey New Navy Green morgan #13,False,,Brand New,796,13500
Nike Women's M Tottenham Hotspur 2017 White Kit Soccer Jersey Futbol Football,False,,Pre-Owned,925,2499
Vintage Adidas Tottenham Hotspur Soccer Jersey Size Men‚Äôs Large,False,,Pre-Owned,600,7000
Tottenham Hotspur FC 3D Club Crest Fridge Magnet - Authentic EPL,True,,Brand New,0,1088
NIKE Tottenham Hotspur 2018/2019 Home Jersey Inaugural Match Men‚Äôs Large,False,,Pre-Owned,550,9999
Tottenham Hotspur FC 2016 2017 Home Football Shirt Soccer Jersey Top Mens size L,False,,Pre-Owned,999,3519
üî• Puma Tottenham Hotspur #3 Gareth Bale Soccer Jersey L EPL Premier League ‚öΩÔ∏è¬†,False,,Pre-Owned,1099,8900
L Nike Tottenham FC Gareth Bale 2020/2021 Yellow 3rd Third Jersey Kit EPL Patch,False,,Pre-Owned,0,3999
NWT Nike Tottenham Hotspur Track Cargo Pants Sz Large - CK8507 429,False,,Brand New,0,4945
Puma Tottenham Hotspur 2007/2008 Football Soccer Home Shirt Jersey - Men‚Äôs 2XL,True,,Pre-Owned,615,2999
Nike 20/21 Tottenham Hotspur Stadium Air Max Soccer Jersey Medium M CW1308-090,False,,Brand New,625,9000
TOTTENHAM HOTSPUR 2015/2016 HOME FOOTBALL SHIRT JERSEY TOP UNDER ARMOUR MEN‚ÄôS L,False,,Pre-Owned,1000,2999
2017-18 Nike Youth Tottenham Hotspur #10 Away Soccer Jersey Extra Large XL Boy,False,,Pre-Owned,705,3999
Nike Vaporknit Tottenham Hotspur XL 20/21 3rd Match Jersey Yellow CK7660-720 NEW,True,,Brand New,699,6206
Nike TOTTENHAM HOTSPUR 17/18 Women's Jersey Soccer Football 896326 430 Medium,False,,Brand New,500,4410
,False,,,0,
Nike Tottenham Hotspur Kane #10 2017/18 Away Football Shirt Soccer Jersey Mens S,False,,Pre-Owned,400,5500
Tottenham Hotspur FC  - White Hart Lane Street Sign Bar Room Official New Sealed,False,,Brand New,0,1699
TOTTENHAM HOTSPUR 1991 1992 1993 HOME FOOTBALL SHIRT SOCCER JERSEY UMBRO,False,,Pre-Owned,999,12999
5+/5 Tottenham Hotspur 2007/2008 home Sz M Puma shorts 125 years soccer football,False,,Pre-Owned,0,6295
TOTTENHAM HOTSPUR BLUE SIZE 5 SOCCER BALL OFFICIALLY LICENSED ,False,,Brand New,0,2695
NIKE TOTTENHAM HOTSPUR HOME JERSEY SIZE XL SOCCER WHITE NWT $90 RETAIL WOMENS,False,,Brand New,540,3299
Nike Tottenham Hotspurs FC Breathe Squad Top 2018/19  2XL Pullover Soccer ,False,,Pre-Owned,595,4799
Tottenham Hotspur FC New Era 9Forty Navy Crest Cap,True,,Brand New,0,3499
Tottenham Hotspur Men‚Äôs Blue EPL Soccer Sweatshirt - Nike - Small - Spurs,False,,Pre-Owned,495,2699
Tottenham Hotspur FC Spurs Football Shirt Soccer Jersey Top Nike Womens size M,False,,Pre-Owned,999,3599
Nike Tottenham Hotspur 2020-2021 Home Vaporknit Jersey CD4196 101 Size Large,False,,Brand New,0,9999
"Tottenham Hotspur Soccer Fleece Blanket 50"" x 60"" Officially Licensed",False,,Brand New,625,2099
Men's Tottenham Hotspur Golf Polo size 3XL XXXL official merchandise Premier ,False,,Pre-Owned,1065,2800
Nike Vaporknit Tottenham Hotspur 20/21 3rd Match Jersey Men‚Äôs Size XL ,True,,Brand New,0,8999
Tottenham Hotspur F.C. Under Armour Jersey Medium White,False,,Pre-Owned,700,3400
Tottenham Hotspur #6 Huddlestone 2009/2010 Home Size M Puma Spurs shirt jersey,False,,Pre-Owned,999,4495
Harry Kane T-Shirt Tottenham London #10 Fan TEE Navy Blue *NEW ,False,,Brand New,0,2185
TOTTENHAM HOTSPUR SPURS 2017 2018 HOME FOOTBALL SOCCER SHIRT JERSEY NIKE MENS M ,False,,Pre-Owned,1499,4999
HEUNG MIN SON TOTTENHAM SOCCERSTARZ MINI SOCCER FIGURE OFFICIALLY LICENSED,False,,Brand New,295,995
New ListingTOTTENHAM HOTSPUR SHIRT JERSEY HOME 2016-2017 #11 LAMELA SIZE KIDS YOUTH XL ,False,,Pre-Owned,999,999
Nike Tottenham Hotspur 20/21 Pre Match Jersey Size Small,False,,Brand New,550,5500
Tottenham Hotspur Kappa Football Shirt Away 2003/2004 Spurs Soccer Jersey Size M,False,,Pre-Owned,1000,5000
Nike Vaporknit Tottenham Hotspur 2020-2021 Home Soccer Jersey 2XL CD4196-101,False,,Brand New,0,8999
$90 Nike Tottenham Hotspur 2020-21 Women's XS Home Soccer Jersey CD4416-101 NWT,False,,Brand New,0,4999
NWT NIKE Tottenham Hotspur 2018/2019 Away Jersey Youth XL,False,,Brand New,625,3999
2016-17 Under Armour Youth Tottenham Hotspur Home Soccer Jersey Shorts XL Spurs,False,,Brand New,400,1500
TOTTENHAM HOTSPUR FOOTBALL SHIRT 1977/80 ADMIRAL RETRO REPLICAS SIZE S,True,,Pre-Owned,1500,6999
Tottenham Hotspur New Era 9FIFTY EPL Adjustable Football Hat - Navy Blue,False,,Brand New,0,3799
"Tottenham Hotspur New Era Blue ""Waffle"" Cuff Beanie Officially Licensed",True,,Brand New,395,3695
Tottenham Hotspur New Era White Adjustable Baseball Hat Officially Licensed,True,,Brand New,495,3795
Tottenham 2008/09 Puma Away Soccer jersey football shirt Size Large,True,,Pre-Owned,0,2999
2016-17 Under Armour Men's Tottenham Son Heung-min Soccer Jersey XXL 2XL Spurs,False,,Brand New,400,6000
Tottenham Hotspur FC Crest Fridge Magnet,False,,Brand New,0,999
Nike Tottenham Hotspur FC Spurs Soccer 1/2 Zip Track Jacket Mens Sz M CK8487-429,True,,Brand New,0,6507
Under Armour Tottenham Hotspur Women's Soccer Navy Fitted Jersey Shirt - SZ XL,False,,Brand New,540,4500
Womens Large Nike Soccer Jersey Tottenham Hotspurs 20/21 Stadium Away CD4415-398,True,,Brand New,625,3995
Tottenham Hotspur Puma Blue Men's Jersey #10 Chamuco Large,True,,Pre-Owned,530,1800
New 2017/2018 Nike Tottenham Hotspur Son Heung Min Away Jersey Shirt Kit Spurs,False,,Brand New,0,29999
TOTTENHAM HOTSPUR 2002 2003 HOME FOOTBALL SHIRT JERSEY KAPPA # 15 REDKNAPP MENS ,False,,Pre-Owned,999,13999
Tottenham Hotspur 2014/2015 Home Size M Under Armour Spurs shirt jersey maillot,False,,Pre-Owned,999,2695
TOTTENHAM HOTSPUR TRAINING FOOTBALL SOCCER WARM UP JACKET NIKE 895419-406 sz M,False,,Pre-Owned,1999,4499
Pennant Tottenham Hotspur - Liverpool England Final 2019,False,,,599,1499
"NEW by NIKE, MEN'S SIZE XL, TOTTENHAM 'BLANK' GOALKEEPER JERSEY, MSRP $80.00!",False,,Brand New,430,3100
tottenham hotspur jersey,False,,Pre-Owned,600,3000
MENS FC TOTTENHAM HOTSPUR SPURS 2015/2016 TRAINING JACKET SOCCER FOOTBALL SIZE L,False,,Pre-Owned,1800,6479
Tottenham Hotspur Under Armour Blue Youth size Medium,False,,Pre-Owned,488,2600
Tottenham Official Men's Rain Jacket 1/2 Zip - Navy- XL,True,,Brand New,0,4899
Tottenham Hotspur FC Flag - White Crest,True,80,Brand New,0,1688
MEN'S NIKE TOTTENHAM HOTSPUR 2018/2019 SHORTS PANTALONES FOOTBALL SOCCER SIZE L,False,,Pre-Owned,1200,3959
Tottenham Hotspur Player Issue 2018/2019 Home Shirt Jersey Vaporknit Nike Size S,False,,Pre-Owned,1000,4500
MEN'S TOTTENHAM HOTSPUR 2011/2012 SHORTS PANTALONES FOOTBALL SOCCER SIZE L LARGE,False,,,1200,3599
Tottenham Hotspur crest Shirt NFL Nike Mens Med Spurs Navy blue,False,,Brand New,0,2999
TOTTENHAM HOTSPUR 1991-1992-1993 HOME FOOTBALL SHIRT SOCCER JERSEY UMBRO AWAY XL,False,,Pre-Owned,900,12000
"Tottenham Hotspur 1882 Shirt, White, XL, EUC",True,,Pre-Owned,0,1795
$165 Nike Tottenham Hotspur 3rd  Vaporknit Match Soccer Jersey Men's 2XL NWT !,False,,Brand New,599,7999
FC TOTTENHAM HOTSPUR Home 2010 2011 Shirt Jersey Puma,False,,Pre-Owned,1505,2500
Nike Tottenham Hotspur 2020/21 Stadium Home CD4256-101 Size XXL MSRP $90,False,,Brand New,0,6999
Tottenham Hotspur FC White Home Puma Shirt 2010/2011 Season,False,,Pre-Owned,1000,4500
Nike Tottenham Hotspur 2019/2020 Third Soccer Jersey Youth XLarge XL Boys,False,,Brand New,515,6500
NIKE Tottenham Hotspur Windrunner Woven JACKET MEN'S SIZES XL & XXL NWT,False,,Brand New,1599,8499
TOTTENHAM HOTSPUR FOOTBALL JACKET ADMIRAL SIZE M,True,,Pre-Owned,2500,4499
NWT NIKE Tottenham Hotspur 2018/2019 Third Stadium Jersey Youth Small,False,,Brand New,1065,7499
Tottenham Hotspur FC Size 1 Skill Ball - Authentic EPL,True,,Brand New,0,1788
Nike Football Track Jacket Pullover Tottenham Hotspur FC Spurs Mens Large New ,False,,Brand New,0,6500
Tottenham Hotspur #18 Clark 2008/2009 3rd Sz XL Puma Spurs shirt jersey maillot,False,,Pre-Owned,999,2245
,False,,,0,
"NWT Tottenham Hotspur, 'Spurs Kids Kit Pajamas', Boys Size (11/12)",True,,Brand New,0,2469
Nike Tottenham Hotspurs AWF Men's Lightweight Football Jacket Sz XL (CK8574 719,False,,Brand New,0,7000
Under Armour Tottenham Hotspur Heat Gear Soccer Jersey EPL 2015 16 Soccer Kit L ,True,,Pre-Owned,400,5599
Tottenham Hotspur 2006/2007 Home Sz L Puma shirt jersey soccer football maillot,False,,Pre-Owned,999,3145
Nike Tottenham Hotspur Harry Kane Mens Small Football Soccer Jersey NWT,False,,Brand New,525,3995
Tottenham Hotspur 1995/1996/1997 Goalkeeper XXL Pony soccershirt jersey GK 2XL,False,,Pre-Owned,1499,8096
Under Armor Tottenham Hotspur Premier League Soccer white  Jersey Size L Mens,False,,Brand New,1065,5999
Nike Tottenham Hotspur NFL On Field Jersey Size Large Yellow Blue CV9946-731 New,True,,Brand New,975,8995
MEN'S NIKE FC TOTTENHAM HOTSPUR SOCCER FOOTBALL Navy SHIRT SIZE Small Short,False,,Brand New,540,3200
Vintage 1997-1999 Tottenham Hotspur Home Jersey  - Pony - XL,False,,Brand New,0,12000
Tottenham Hotspur Authentic Nike Dri-Fit Soccer Jersey Womens XS NWT MSRP$90,False,,Brand New,550,5249
TOTTENHAM HOTSPUR HOME FOOTBALL SHIRT 2019/2020 SOCCER JERSEY NIKE MENS S,False,,Pre-Owned,999,5599
X-Large Tottenham Hotspur FC Crest Fridge Magnet and Bottle Opener,False,,Brand New,0,1499
TOTTAHAM HOTSPUR 2018/2019 AWAY Kids Size XL 13-15Years NIKE shirt jersey soccer,False,,Pre-Owned,0,3495
Tottenham Hotspur Soccer Gilet Jacket Body Warmer Quilted Coat Youth Size Large,False,,Pre-Owned,655,3000
5+/5 Tottenham Hotspur 2016/2017 Away Size 2XL shirt jersey football soccer XXL,False,,Pre-Owned,0,8996
TOTTENHAM HOTSPUR 1991 1993 HOME FOOTBALL SHIRT SOCCER JERSEY UMBRO VINTAGE,False,,Pre-Owned,999,11000
Nike Vaporknit Tottenham Hotspur 20/21 Green Match Jersey CD4195-398 Men's 2XL,False,,Brand New,0,13900
TOTTENHAM ‚Äì NEW ERA KNITTED POM BEANIE,True,,Brand New,0,2995
Tottenham Hotspur 2016/17 Mens Sz XXL Under Armour Football Shirt Jersey Soccer,False,,Pre-Owned,599,3499
Vtg Umbro Tottenham HotSpur 1991 - 95 Away 3rd Yellow Jersey Men‚Äôs XL Made In UK,False,,Pre-Owned,0,6797
Tottenham Hotspur Training football soccer shirt jersey Nike size M,False,,Pre-Owned,1200,3300
MENS FC TOTTENHAM HOTSPUR SPURS TRAINING JACKET TRACK TOP SOCCER FOOTBALL SIZE L,False,,Pre-Owned,1500,4319
SIZE S TOTTENHAM HOTSPUR AWAY FOOTBALL SHIRT 2008-2009 JERSEY CAMISETA SMALL,False,,Pre-Owned,999,2499
Nike Vaporknit Tottenham Hotspur 2020-2021 Home Soccer Jersey CD4196-101 Sz XXL,False,,Brand New,0,9998
Tottenham Hotspur FC Soccer Decal Sticker Set,False,,Brand New,375,1249
TOTTENHAM HOTSPUR FC Football Club Huge 3'x5' Official EPL Soccer DELUXE FLAG,False,,Brand New,695,3799
Tottenham Hotspur Soccer Jersey Mens Large 42/44 Pony Hewlett Packard,True,,Pre-Owned,895,8999
Tottenham Hotspur 2013/2014 Home Sz M Under Armour football shirt jersey soccer,False,,Pre-Owned,999,2245
Nike Tottenham Hotspur AIA Soccer Team  Authentic Jersey NWT Youth Unisex SizeXL,False,,Brand New,550,5999
Tottenham Hotspur Eriksen #23 Football Shirt Soccer Jersey Nike 2018 Boys size L,False,,Pre-Owned,999,2559
NWT Tottenham Hotspur 2008/09 Home Soccer Jersey 2XL Puma EPL Camiseta Spurs ,False,,Pre-Owned,0,10995
Under Armour EPL Tottenham Hotspur FC Men‚Äôs Medium Polo,False,,Pre-Owned,500,3000
TOTTENHAM HOTSPUR FOOTBALL SHIRT 2010-2011 JERSEY PUMA,True,,Pre-Owned,2000,1999
Tottenham Hotspur FC - Vertigo Crest Scarf,True,,Brand New,0,2488
Puma Tottenham Hotspur 2006-2007 Home Football Soccer Jersey Shirt - Men's 2XL,True,,Pre-Owned,615,2999
TOTTENHAM HOTSPUR SHIRT JERSEY HOME 2014-2015 #11 LAMELA SIZE KIDS YOUTH LARGE,False,,Pre-Owned,999,1499
Nike Tottenham Hotspur 2020/21 Stadium Home Men's Small S Soccer CD4256-101 NWT,False,,Brand New,0,7499
Tottenham Hotspur 2008/2009 Away Size S Puma Spurs shirt jersey soccer football,False,,Pre-Owned,999,2695
Men's Tottenham Hotspur Regular Under Armour White Navy Track Zip Football SZ S,False,,Pre-Owned,1799,3498
Tottenham Hotspur Full Zip Hoodie Medium Fits As Small,False,,Pre-Owned,815,2499
Nike SoccerJersey Tottenham Hotspurs 20/21 Stadium Away Sz L CD4415-398 Women‚Äôs,False,,Brand New,0,5990
New ListingTOTTENHAM HOTSPUR FOOTBALL SOCCER JACKET COAT PUMA BLUE ,True,,Pre-Owned,2100,2500
Tottenham Hotspur White Script Block Pattern T-shirt,False,,Brand New,0,2799
FA Cup Winner's 1981 English Football EPL Tottenham Hotspurs Banner/Badge Signed,False,,Pre-Owned,799,1280
Under Armor Tottenham Hotspur Premier League Soccer/f√∫tbol Jersey Size M Womens,False,,Brand New,1065,4999
TOTTENHAM HOTSPUR TRAINING FOOTBALL SHIRT SOCCER JERSEY NIKE sz M MEN BLUE,False,,Pre-Owned,999,2499
Tottenham Hotspur Socks 6-11 - Authentic EPL,True,,Brand New,0,1188
Nike Soccer 1/2 Zip Track Jacket Tottenham Hotspur FC Spurs Mens Sz L CK8487-429,False,,Brand New,0,6398
NEW Nike Tottenham Hotspur Away Soccer Jersey 2019/20 Blue Men‚Äôs Small,False,,Brand New,510,7000
New Era Tottenham Hotspur Hat Size 8,False,,Pre-Owned,515,1000
New 2020/21 Nike Tottenham Hotspur Stadium Air Max Special Edition Medium *read,True,,Brand New,499,9499
Tottenham Hotspur 2015 2016 Football Shirt Soccer Jersey Polo Top Mens size XL,False,,Pre-Owned,1497,3519
NWT NIKE Tottenham Hotspur 2018/2019 Third Stadium Jersey Youth XL,False,,Brand New,1065,19999
Nike Tottenham Hotspur 2017/2018 Purple Soccer Jersey Futbol Football #24,False,,Pre-Owned,550,3499
"2019 Nike Tottenham Hotspur AIA Blue Stadium  Jersey Mens Small, New W/ Tags",False,,Brand New,550,5999
Tottenham Hotspur FC Flag - Logo,True,,Brand New,0,1688
Tottenham Hotspur FC Navy Street Sign - White Hart Lane,True,,Brand New,0,1788
Under Armour Tottenham Hotspur 2015-16 Football Shirt Soccer Jersey Fitted Sz M,False,,Pre-Owned,600,2897
Tottenham Hotspur 2012-2013 Midlayer Top Under Armour Athletic Fit size L,False,,Pre-Owned,1600,4000
Tottenham Hotspur Official Polo Short Sleeve Shirt Men XL Grey Soccer Futbol,False,,Pre-Owned,450,2499
Nike Tottenham Hotspur FC 1/2 Zip Woven Pullover Jacket CK8487-429 - Size XL,False,,Brand New,925,6995
tottenham hotspur under armour Long Sleeve Soccer Jersey NWT Size M Mens,False,,Brand New,705,8999
Puma Tottenham Hotspur 2010/12 Jersey Autonomy Size XL NWT,False,,Brand New,540,6100
Tottenham Hotspur Football Club 2022 Calendar Musical Gift Box Set Limited!,True,,Brand New,795,3995
Tottenham Hotspur 2008 - 2009 Away football Puma shirt #14 Modrich,False,,Pre-Owned,1000,8000
